{
  "name": "extendedangels",
  "version": "0.3.2",
  "factorio_version": "0.18",
  "title": "Extended Angels",
  "author": "AdamCirillo",
  "contact": "",
  "homepage": "",
  "description": "Adds extra buildings and recipes to Angel's Mods",
  "dependencies": ["base >= 0.18.0", "angelssmelting >= 0.6.4", "bobplates >= 0.18.0", "? angelsaddons-warehouses >= 0.5.0", "? bobtech >= 0.18.0", "? angelsbioprocessing >= 0.7.6", "angelsrefining >= 0.11.8", "? angelspetrochem >= 0.9.6", "? Clowns-Processing >= 1.3.8"]
}
